{"cameraMode":{"drawMode":0,"name":"Shaded","section":"Shading Mode"},"sceneLighting":false,"audioPlay":false,"sceneViewState":{"m_AlwaysRefresh":false,"showFog":true,"showSkybox":false,"showFlares":true,"showImageEffects":true,"showParticleSystems":true,"showVisualEffectGraphs":true,"m_FxEnabled":true},"in2DMode":false,"pivot":{"x":0.07717427611351013,"y":5.620763778686523,"z":-0.2253863364458084},"rotation":{"x":-0.1162044033408165,"y":0.47113335132598879,"z":-0.06258969008922577,"w":-0.8726836442947388},"size":0.8660253882408142,"orthographic":false}