{"cameraMode":{"drawMode":0,"name":"Shaded","section":"Shading Mode"},"sceneLighting":false,"audioPlay":false,"sceneViewState":{"m_AlwaysRefresh":false,"showFog":true,"showSkybox":false,"showFlares":true,"showImageEffects":true,"showParticleSystems":true,"showVisualEffectGraphs":true,"m_FxEnabled":true},"in2DMode":false,"pivot":{"x":-4.502823829650879,"y":4.31370210647583,"z":499.37127685546877},"rotation":{"x":0.0399198904633522,"y":-0.011409892700612545,"z":0.00018719663785304874,"w":0.9996157884597778},"size":1.9453542232513428,"orthographic":false}