{"cameraMode":{"drawMode":0,"name":"Shaded","section":"Shading Mode"},"sceneLighting":false,"audioPlay":false,"sceneViewState":{"m_AlwaysRefresh":false,"showFog":true,"showSkybox":false,"showFlares":true,"showImageEffects":true,"showParticleSystems":true,"showVisualEffectGraphs":true,"m_FxEnabled":true},"in2DMode":false,"pivot":{"x":0.4781319200992584,"y":5.01724100112915,"z":3.0668365955352785},"rotation":{"x":-0.002686915220692754,"y":-0.9937824010848999,"z":0.11051800847053528,"w":-0.035331204533576968},"size":0.31819796562194826,"orthographic":false}