{"cameraMode":{"drawMode":0,"name":"Shaded","section":"Shading Mode"},"sceneLighting":true,"audioPlay":false,"sceneViewState":{"m_AlwaysRefresh":false,"showFog":true,"showSkybox":true,"showFlares":true,"showImageEffects":true,"showParticleSystems":true,"showVisualEffectGraphs":true,"m_FxEnabled":true},"in2DMode":false,"pivot":{"x":-24.205364227294923,"y":15.853646278381348,"z":-9.937894821166993},"rotation":{"x":-0.0827198252081871,"y":-0.0842001661658287,"z":0.0070019494742155079,"w":-0.9930066466331482},"size":3.8914010524749758,"orthographic":false}