{"cameraMode":{"drawMode":0,"name":"Shaded","section":"Shading Mode"},"sceneLighting":true,"audioPlay":false,"sceneViewState":{"m_AlwaysRefresh":false,"showFog":true,"showSkybox":true,"showFlares":true,"showImageEffects":true,"showParticleSystems":true,"showVisualEffectGraphs":true,"m_FxEnabled":true},"in2DMode":false,"pivot":{"x":-0.47046375274658205,"y":7.814321994781494,"z":-3.833075523376465},"rotation":{"x":-0.05191272124648094,"y":-0.004154217429459095,"z":0.0008844953845255077,"w":-0.9991663098335266},"size":1.460976243019104,"orthographic":false}