{"cameraMode":{"drawMode":0,"name":"Shaded","section":"Shading Mode"},"sceneLighting":false,"audioPlay":false,"sceneViewState":{"m_AlwaysRefresh":false,"showFog":true,"showSkybox":false,"showFlares":true,"showImageEffects":true,"showParticleSystems":true,"showVisualEffectGraphs":true,"m_FxEnabled":true},"in2DMode":false,"pivot":{"x":-0.005145350471138954,"y":5.089918613433838,"z":3.1697652339935304},"rotation":{"x":0.046186115592718127,"y":-0.8803662657737732,"z":0.08441397547721863,"w":0.4655912518501282},"size":0.3068992495536804,"orthographic":false}